{
  "dev": {
    "awscloudformation": {
      "AuthRoleName": "amplify-projectcal-dev-23229-authRole",
      "UnauthRoleArn": "arn:aws:iam::356066997425:role/amplify-projectcal-dev-23229-unauthRole",
      "AuthRoleArn": "arn:aws:iam::356066997425:role/amplify-projectcal-dev-23229-authRole",
      "Region": "us-east-2",
      "DeploymentBucketName": "amplify-projectcal-dev-23229-deployment",
      "UnauthRoleName": "amplify-projectcal-dev-23229-unauthRole",
      "StackName": "amplify-projectcal-dev-23229",
      "StackId": "arn:aws:cloudformation:us-east-2:356066997425:stack/amplify-projectcal-dev-23229/dfe87c40-490a-11ee-9376-0aada3c9f0f5",
      "AmplifyAppId": "d2qbimtlvw3xfq"
    },
    "categories": {
      "hosting": {
        "amplifyhosting": {
          "appId": "d2qbimtlvw3xfq",
          "type": "manual"
        }
      }
    }
  }
}